INSERT INTO F16_14_CUSTOMER (CUST_NAME,DATE_OF_BIRTH, GENDER, CUST_EMAIL,CITY,STREET,STATE,ZIPCODE) VALUES ('David Moore','12-NOV-1985','Male','David.Moore@db.test','Arlington','Abram','Texas','76013');
INSERT INTO F16_14_CUSTOMER (CUST_NAME,DATE_OF_BIRTH, GENDER, CUST_EMAIL,CITY,STREET,STATE,ZIPCODE) VALUES ('Edward Smith','22-AUG-1967','Male','Edward.Smith@db.test','Gainsville','Sesame','Florida','74012');
INSERT INTO F16_14_CUSTOMER (CUST_NAME,DATE_OF_BIRTH, GENDER, CUST_EMAIL,CITY,STREET,STATE,ZIPCODE) VALUES ('Patricia Scott','03-DEC-1972','Female','Pat.Scott@db.test','Los Angeles','Alpine Drive','California','43087');
INSERT INTO F16_14_CUSTOMER (CUST_NAME,DATE_OF_BIRTH, GENDER, CUST_EMAIL,CITY,STREET,STATE,ZIPCODE) VALUES ('Donna Collins','14-MAY-1982','Female','Don.Collins@db.test','Columbus','Heather','Ohio','34098');
INSERT INTO F16_14_CUSTOMER (CUST_NAME,DATE_OF_BIRTH, GENDER, CUST_EMAIL,CITY,STREET,STATE,ZIPCODE) VALUES ('George Baker','23-SEP-1979','Male','George.Baker@db.test','Pittsburgh','Carson','Pensylvania','15203');
INSERT INTO F16_14_CUSTOMER (CUST_NAME,DATE_OF_BIRTH, GENDER, CUST_EMAIL,CITY,STREET,STATE,ZIPCODE) VALUES ('Lisa Thomas','04-APR-1995','Male','Lisa.Thomas@db.test','Pheonix','Dentol','Arizona','16754');
INSERT INTO F16_14_CUSTOMER (CUST_NAME,DATE_OF_BIRTH, GENDER, CUST_EMAIL,CITY,STREET,STATE,ZIPCODE) VALUES ('Kevin Harris','26-JAN-1991','Male','Kevin.Harris@db.test','Jackson','Farish','Mississippi','76035');
INSERT INTO F16_14_CUSTOMER (CUST_NAME,DATE_OF_BIRTH, GENDER, CUST_EMAIL,CITY,STREET,STATE,ZIPCODE) VALUES ('Susan Hill','27-FEB-1998','Female','Susan.Hill@db.test','Albany','Pearl','New York','71082');
INSERT INTO F16_14_CUSTOMER (CUST_NAME,DATE_OF_BIRTH, GENDER, CUST_EMAIL,CITY,STREET,STATE,ZIPCODE) VALUES ('William Martin','18-JUL-1989','Male','WilL.Martin@db.test','Chicago','Randolf','Illinois','56043');
INSERT INTO F16_14_CUSTOMER (CUST_NAME,DATE_OF_BIRTH, GENDER, CUST_EMAIL,CITY,STREET,STATE,ZIPCODE) VALUES ('Michelle Parker','29-OCT-1987','Female','Mich.Parker@db.test','Sunyvale','Glin Ter','California','94012');

INSERT INTO F16_14_STORE(CITY,STATE,ZIPCODE) VALUES ('Arlington','Texas','76013');
INSERT INTO F16_14_STORE(CITY,STATE,ZIPCODE) VALUES ('Los Angeles','California','94023');
INSERT INTO F16_14_STORE(CITY,STATE,ZIPCODE) VALUES ('Gainsville','Florida','65798');

INSERT INTO F16_14_SECTION(STORE_ID,SECTION_NAME,DATE_FROM,DATE_TO) VALUES ('1','Groceries','01-JAN-2000','31-DEC-9999');
INSERT INTO F16_14_SECTION(STORE_ID,SECTION_NAME,DATE_FROM,DATE_TO) VALUES ('1','Electronics','01-JAN-2000','31-DEC-9999');
INSERT INTO F16_14_SECTION(STORE_ID,SECTION_NAME,DATE_FROM,DATE_TO) VALUES ('1','Sports','01-JAN-2000','31-DEC-9999');
INSERT INTO F16_14_SECTION(STORE_ID,SECTION_NAME,DATE_FROM,DATE_TO) VALUES ('1','Home And Furniture','01-JAN-2000','31-DEC-9999');
INSERT INTO F16_14_SECTION(STORE_ID,SECTION_NAME,DATE_FROM,DATE_TO) VALUES ('1','Stationery','01-JAN-2000','31-DEC-9999');
INSERT INTO F16_14_SECTION(STORE_ID,SECTION_NAME,DATE_FROM,DATE_TO) VALUES ('2','Groceries','01-JAN-2000','31-DEC-9999');
INSERT INTO F16_14_SECTION(STORE_ID,SECTION_NAME,DATE_FROM,DATE_TO) VALUES ('2','Electronics','01-JAN-2000','31-DEC-9999');
INSERT INTO F16_14_SECTION(STORE_ID,SECTION_NAME,DATE_FROM,DATE_TO) VALUES ('2','Sports','01-JAN-2000','31-DEC-9999');
INSERT INTO F16_14_SECTION(STORE_ID,SECTION_NAME,DATE_FROM,DATE_TO) VALUES ('2','Home And Furniture','01-JAN-2000','31-DEC-9999');
INSERT INTO F16_14_SECTION(STORE_ID,SECTION_NAME,DATE_FROM,DATE_TO) VALUES ('2','Stationery','01-JAN-2000','31-DEC-9999');
INSERT INTO F16_14_SECTION(STORE_ID,SECTION_NAME,DATE_FROM,DATE_TO) VALUES ('3','Groceries','01-JAN-2000','31-DEC-9999');
INSERT INTO F16_14_SECTION(STORE_ID,SECTION_NAME,DATE_FROM,DATE_TO) VALUES ('3','Electronics','01-JAN-2000','31-DEC-9999');
INSERT INTO F16_14_SECTION(STORE_ID,SECTION_NAME,DATE_FROM,DATE_TO) VALUES ('3','Sports','01-JAN-2000','31-DEC-9999');
INSERT INTO F16_14_SECTION(STORE_ID,SECTION_NAME,DATE_FROM,DATE_TO) VALUES ('3','Home And Furniture','01-JAN-2000','31-DEC-9999');
INSERT INTO F16_14_SECTION(STORE_ID,SECTION_NAME,DATE_FROM,DATE_TO) VALUES ('3','Stationery','01-JAN-2000','31-DEC-9999');

INSERT INTO F16_14_PRODUCT (PRODUCT_NAME, SELLING_PRICE, SECTION_NAME) VALUES ('Ketchup','5','Groceries');
INSERT INTO F16_14_PRODUCT (PRODUCT_NAME, SELLING_PRICE, SECTION_NAME) VALUES ('Cornflakes','4','Groceries');
INSERT INTO F16_14_PRODUCT (PRODUCT_NAME, SELLING_PRICE, SECTION_NAME) VALUES ('Chicken','10','Groceries');
INSERT INTO F16_14_PRODUCT (PRODUCT_NAME, SELLING_PRICE, SECTION_NAME) VALUES ('Ice Cream','6','Groceries');
INSERT INTO F16_14_PRODUCT (PRODUCT_NAME, SELLING_PRICE, SECTION_NAME) VALUES ('Peanut Butter','4','Groceries');
INSERT INTO F16_14_PRODUCT (PRODUCT_NAME, SELLING_PRICE, SECTION_NAME) VALUES ('Headphone','15','Electronics');
INSERT INTO F16_14_PRODUCT (PRODUCT_NAME, SELLING_PRICE, SECTION_NAME) VALUES ('Laptop','500','Electronics');
INSERT INTO F16_14_PRODUCT (PRODUCT_NAME, SELLING_PRICE, SECTION_NAME) VALUES ('Speakers','75','Electronics');
INSERT INTO F16_14_PRODUCT (PRODUCT_NAME, SELLING_PRICE, SECTION_NAME) VALUES ('Tablet','150','Electronics');
INSERT INTO F16_14_PRODUCT (PRODUCT_NAME, SELLING_PRICE, SECTION_NAME) VALUES ('Printer','80','Electronics');
INSERT INTO F16_14_PRODUCT (PRODUCT_NAME, SELLING_PRICE, SECTION_NAME) VALUES ('Tennis Racket','20','Sports');
INSERT INTO F16_14_PRODUCT (PRODUCT_NAME, SELLING_PRICE, SECTION_NAME) VALUES ('Bicycle','120','Sports');
INSERT INTO F16_14_PRODUCT (PRODUCT_NAME, SELLING_PRICE, SECTION_NAME) VALUES ('Basketball','25','Sports');
INSERT INTO F16_14_PRODUCT (PRODUCT_NAME, SELLING_PRICE, SECTION_NAME) VALUES ('Cricket Set','100','Sports');
INSERT INTO F16_14_PRODUCT (PRODUCT_NAME, SELLING_PRICE, SECTION_NAME) VALUES ('Trampoline','120','Sports');
INSERT INTO F16_14_PRODUCT (PRODUCT_NAME, SELLING_PRICE, SECTION_NAME) VALUES ('Bedding Set','200','Home And Furniture');
INSERT INTO F16_14_PRODUCT (PRODUCT_NAME, SELLING_PRICE, SECTION_NAME) VALUES ('Vacuum Cleaner','80','Home And Furniture');
INSERT INTO F16_14_PRODUCT (PRODUCT_NAME, SELLING_PRICE, SECTION_NAME) VALUES ('Microwave','40','Home And Furniture');
INSERT INTO F16_14_PRODUCT (PRODUCT_NAME, SELLING_PRICE, SECTION_NAME) VALUES ('Recliner','150','Home And Furniture');
INSERT INTO F16_14_PRODUCT (PRODUCT_NAME, SELLING_PRICE, SECTION_NAME) VALUES ('Study Lamp','20','Home And Furniture');
INSERT INTO F16_14_PRODUCT (PRODUCT_NAME, SELLING_PRICE, SECTION_NAME) VALUES ('Notebook','10','Stationery');
INSERT INTO F16_14_PRODUCT (PRODUCT_NAME, SELLING_PRICE, SECTION_NAME) VALUES ('Calendar','10','Stationery');
INSERT INTO F16_14_PRODUCT (PRODUCT_NAME, SELLING_PRICE, SECTION_NAME) VALUES ('White Board','60','Stationery');
INSERT INTO F16_14_PRODUCT (PRODUCT_NAME, SELLING_PRICE, SECTION_NAME) VALUES ('Paper Shredder','150','Stationery');
INSERT INTO F16_14_PRODUCT (PRODUCT_NAME, SELLING_PRICE, SECTION_NAME) VALUES ('Pendrive','5','Stationery');

INSERT INTO F16_14_SUPPLIER (SUPPLIER_NAME, PHONE_NO, PERSON_OF_CONTACT, ADDRESS) VALUES ('ASDA','6874589876','Lucy Wedge','Cincinnati, Ohio');
INSERT INTO F16_14_SUPPLIER (SUPPLIER_NAME, PHONE_NO, PERSON_OF_CONTACT, ADDRESS) VALUES ('Kysor','2134764567','Velma Grabowski','Long Beach, California');
INSERT INTO F16_14_SUPPLIER (SUPPLIER_NAME, PHONE_NO, PERSON_OF_CONTACT, ADDRESS) VALUES ('Johnson Controls','7875634532','Julian Busar','New Orleans, Louisiana');
INSERT INTO F16_14_SUPPLIER (SUPPLIER_NAME, PHONE_NO, PERSON_OF_CONTACT, ADDRESS) VALUES ('Biothane','4565437865','Derreck Gellaz','Wichita, Kansas');

INSERT INTO F16_14_EMPLOYEE (EMPLOYEE_NAME, SALARY, ADDRESS, STORE_ID, DATE_FROM, DATE_TO) VALUES ('James Brown','110','12,Collins Street, Arlington','1','26-AUG-2001','31-DEC-9999');
INSERT INTO F16_14_EMPLOYEE (EMPLOYEE_NAME, SALARY, ADDRESS, STORE_ID, DATE_FROM, DATE_TO) VALUES ('Jones Miller','130','45, Abraham Street, Albany','1','22-JAN-2003','31-DEC-9999');
INSERT INTO F16_14_EMPLOYEE (EMPLOYEE_NAME, SALARY, ADDRESS, STORE_ID, DATE_FROM, DATE_TO) VALUES ('Henry Martin','150','90, Wall Street, New York','1','21-May-2004','31-DEC-9999');
INSERT INTO F16_14_EMPLOYEE (EMPLOYEE_NAME, SALARY, ADDRESS, STORE_ID, DATE_FROM, DATE_TO) VALUES ('Sophia Clark','180','125, Maple Street, San Jose','1','10-Jul-2010','31-DEC-9999');
INSERT INTO F16_14_EMPLOYEE (EMPLOYEE_NAME, SALARY, ADDRESS, STORE_ID, DATE_FROM, DATE_TO) VALUES ('Emma White','165','57, Pine Street, Ohio','1','28-Feb-2015','31-DEC-9999');
INSERT INTO F16_14_EMPLOYEE (EMPLOYEE_NAME, SALARY, ADDRESS, STORE_ID, DATE_FROM, DATE_TO) VALUES ('Charlotte Lee','145','70, Cedar Street, San Francisco','2','12-Nov-2007','31-DEC-9999');
INSERT INTO F16_14_EMPLOYEE (EMPLOYEE_NAME, SALARY, ADDRESS, STORE_ID, DATE_FROM, DATE_TO) VALUES ('Jacob Scott','190','152, Oak Street,Washington D.C.','2','23-Mar-2009','31-DEC-9999');
INSERT INTO F16_14_EMPLOYEE (EMPLOYEE_NAME, SALARY, ADDRESS, STORE_ID, DATE_FROM, DATE_TO) VALUES ('Liam Campbell','175','179, Lake Street,Illinois','2','3-Apr-2016','31-DEC-9999');
INSERT INTO F16_14_EMPLOYEE (EMPLOYEE_NAME, SALARY, ADDRESS, STORE_ID, DATE_FROM, DATE_TO) VALUES ('Ava Jones','120','130, Hill Street,Tampa','2','19-Sep-2008','31-DEC-9999');
INSERT INTO F16_14_EMPLOYEE (EMPLOYEE_NAME, SALARY, ADDRESS, STORE_ID, DATE_FROM, DATE_TO) VALUES ('Oliver Murphy','140','250, Park Avenue,Santa Ana','2','5-Dec-2002','31-DEC-9999');
INSERT INTO F16_14_EMPLOYEE (EMPLOYEE_NAME, SALARY, ADDRESS, STORE_ID, DATE_FROM, DATE_TO) VALUES ('Ethan Diaz','185','312, Malbone Street,Detroit','3','1-Aug-2006','31-DEC-9999');
INSERT INTO F16_14_EMPLOYEE (EMPLOYEE_NAME, SALARY, ADDRESS, STORE_ID, DATE_FROM, DATE_TO) VALUES ('Natalie Gray','100','111, Allen Street, Manhattan','3','2-Oct-2013','31-DEC-9999');
INSERT INTO F16_14_EMPLOYEE (EMPLOYEE_NAME, SALARY, ADDRESS, STORE_ID, DATE_FROM, DATE_TO) VALUES ('Brooklyn Ross','135','432, Bourbon Street, Louisiana','3','22-Jun-2014','31-DEC-9999');
INSERT INTO F16_14_EMPLOYEE (EMPLOYEE_NAME, SALARY, ADDRESS, STORE_ID, DATE_FROM, DATE_TO) VALUES ('Emily Specter','125','323, Tanglewood Drive,Miami','3','11-Nov-2011','31-DEC-9999');
INSERT INTO F16_14_EMPLOYEE (EMPLOYEE_NAME, SALARY, ADDRESS, STORE_ID, DATE_FROM, DATE_TO) VALUES ('Daniel Hardhan','160','650, Evergreen Lane,Atlanta','3','31-Jan-2016','31-DEC-9999');

UPDATE F16_14_STORE SET MANAGER_ID = 5  WHERE STORE_ID = 1;
UPDATE F16_14_STORE SET MANAGER_ID = 10 WHERE STORE_ID = 2;
UPDATE F16_14_STORE SET MANAGER_ID = 15 WHERE STORE_ID = 3;

INSERT INTO F16_14_SALESPERSON (EMPLOYEE_ID,SECTION_NAME) VALUES ('1','Electronics');
INSERT INTO F16_14_SALESPERSON (EMPLOYEE_ID,SECTION_NAME) VALUES ('2','Home and Furniture');
INSERT INTO F16_14_SALESPERSON (EMPLOYEE_ID,SECTION_NAME) VALUES ('6','Electronics');
INSERT INTO F16_14_SALESPERSON (EMPLOYEE_ID,SECTION_NAME) VALUES ('7','Home and Furniture');
INSERT INTO F16_14_SALESPERSON (EMPLOYEE_ID,SECTION_NAME) VALUES ('11','Electronics');
INSERT INTO F16_14_SALESPERSON (EMPLOYEE_ID,SECTION_NAME) VALUES ('12','Home and Furniture');

INSERT INTO F16_14_TECHNICIAN (EMPLOYEE_ID, EMPLOYEE_TYPE) VALUES ('3','Sports');
INSERT INTO F16_14_TECHNICIAN (EMPLOYEE_ID, EMPLOYEE_TYPE) VALUES ('4','Electronics');
INSERT INTO F16_14_TECHNICIAN (EMPLOYEE_ID, EMPLOYEE_TYPE) VALUES ('8','Sports');
INSERT INTO F16_14_TECHNICIAN (EMPLOYEE_ID, EMPLOYEE_TYPE) VALUES ('9','Electronics');
INSERT INTO F16_14_TECHNICIAN (EMPLOYEE_ID, EMPLOYEE_TYPE) VALUES ('13','Sports');
INSERT INTO F16_14_TECHNICIAN (EMPLOYEE_ID, EMPLOYEE_TYPE) VALUES ('14','Electronics');

INSERT INTO F16_14_CUST_PHONE (CUST_ID, PHONE_NO) VALUES ('1','2343345645');
INSERT INTO F16_14_CUST_PHONE (CUST_ID, PHONE_NO) VALUES ('2','3456556578');
INSERT INTO F16_14_CUST_PHONE (CUST_ID, PHONE_NO) VALUES ('3','7893456743');
INSERT INTO F16_14_CUST_PHONE (CUST_ID, PHONE_NO) VALUES ('4','2876349456');
INSERT INTO F16_14_CUST_PHONE (CUST_ID, PHONE_NO) VALUES ('5','2398643720');
INSERT INTO F16_14_CUST_PHONE (CUST_ID, PHONE_NO) VALUES ('6','3908368974');
INSERT INTO F16_14_CUST_PHONE (CUST_ID, PHONE_NO) VALUES ('7','3740484759');
INSERT INTO F16_14_CUST_PHONE (CUST_ID, PHONE_NO) VALUES ('8','6965055959');
INSERT INTO F16_14_CUST_PHONE (CUST_ID, PHONE_NO) VALUES ('9','4535565565');
INSERT INTO F16_14_CUST_PHONE (CUST_ID, PHONE_NO) VALUES ('10','8753675473');


INSERT INTO F16_14_DISCOUNT (PRODUCT_ID, DISCOUNT_VALUE, DATE_FROM, DATE_TO) VALUES ('1','20','01-JAN-2015','31-DEC-2015');
INSERT INTO F16_14_DISCOUNT (PRODUCT_ID, DISCOUNT_VALUE, DATE_FROM, DATE_TO) VALUES ('2','25','01-JAN-2015','31-DEC-2015');
INSERT INTO F16_14_DISCOUNT (PRODUCT_ID, DISCOUNT_VALUE, DATE_FROM, DATE_TO) VALUES ('3','20','01-JAN-2015','31-DEC-2015');
INSERT INTO F16_14_DISCOUNT (PRODUCT_ID, DISCOUNT_VALUE, DATE_FROM, DATE_TO) VALUES ('4','15','01-JAN-2015','31-DEC-2015');
INSERT INTO F16_14_DISCOUNT (PRODUCT_ID, DISCOUNT_VALUE, DATE_FROM, DATE_TO) VALUES ('5','10','01-JAN-2015','31-DEC-2015');
INSERT INTO F16_14_DISCOUNT (PRODUCT_ID, DISCOUNT_VALUE, DATE_FROM, DATE_TO) VALUES ('6','10','01-JAN-2015','31-DEC-2015');
INSERT INTO F16_14_DISCOUNT (PRODUCT_ID, DISCOUNT_VALUE, DATE_FROM, DATE_TO) VALUES ('7','25','01-JAN-2015','31-DEC-2015');
INSERT INTO F16_14_DISCOUNT (PRODUCT_ID, DISCOUNT_VALUE, DATE_FROM, DATE_TO) VALUES ('8','15','01-JAN-2015','31-DEC-2015');
INSERT INTO F16_14_DISCOUNT (PRODUCT_ID, DISCOUNT_VALUE, DATE_FROM, DATE_TO) VALUES ('9','20','01-JAN-2015','31-DEC-2015');
INSERT INTO F16_14_DISCOUNT (PRODUCT_ID, DISCOUNT_VALUE, DATE_FROM, DATE_TO) VALUES ('10','15','01-JAN-2015','31-DEC-2015');
INSERT INTO F16_14_DISCOUNT (PRODUCT_ID, DISCOUNT_VALUE, DATE_FROM, DATE_TO) VALUES ('11','10','01-JAN-2015','31-DEC-2015');
INSERT INTO F16_14_DISCOUNT (PRODUCT_ID, DISCOUNT_VALUE, DATE_FROM, DATE_TO) VALUES ('12','10','01-JAN-2015','31-DEC-2015');
INSERT INTO F16_14_DISCOUNT (PRODUCT_ID, DISCOUNT_VALUE, DATE_FROM, DATE_TO) VALUES ('13','10','01-JAN-2015','31-DEC-2015');
INSERT INTO F16_14_DISCOUNT (PRODUCT_ID, DISCOUNT_VALUE, DATE_FROM, DATE_TO) VALUES ('14','15','01-JAN-2015','31-DEC-2015');
INSERT INTO F16_14_DISCOUNT (PRODUCT_ID, DISCOUNT_VALUE, DATE_FROM, DATE_TO) VALUES ('15','15','01-JAN-2015','31-DEC-2015');
INSERT INTO F16_14_DISCOUNT (PRODUCT_ID, DISCOUNT_VALUE, DATE_FROM, DATE_TO) VALUES ('16','20','01-JAN-2015','31-DEC-2015');
INSERT INTO F16_14_DISCOUNT (PRODUCT_ID, DISCOUNT_VALUE, DATE_FROM, DATE_TO) VALUES ('17','10','01-JAN-2015','31-DEC-2015');
INSERT INTO F16_14_DISCOUNT (PRODUCT_ID, DISCOUNT_VALUE, DATE_FROM, DATE_TO) VALUES ('18','10','01-JAN-2015','31-DEC-2015');
INSERT INTO F16_14_DISCOUNT (PRODUCT_ID, DISCOUNT_VALUE, DATE_FROM, DATE_TO) VALUES ('19','15','01-JAN-2015','31-DEC-2015');
INSERT INTO F16_14_DISCOUNT (PRODUCT_ID, DISCOUNT_VALUE, DATE_FROM, DATE_TO) VALUES ('20','5','01-JAN-2015','31-DEC-2015');
INSERT INTO F16_14_DISCOUNT (PRODUCT_ID, DISCOUNT_VALUE, DATE_FROM, DATE_TO) VALUES ('21','5','01-JAN-2015','31-DEC-2015');
INSERT INTO F16_14_DISCOUNT (PRODUCT_ID, DISCOUNT_VALUE, DATE_FROM, DATE_TO) VALUES ('22','5','01-JAN-2015','31-DEC-2015');
INSERT INTO F16_14_DISCOUNT (PRODUCT_ID, DISCOUNT_VALUE, DATE_FROM, DATE_TO) VALUES ('23','5','01-JAN-2015','31-DEC-2015');
INSERT INTO F16_14_DISCOUNT (PRODUCT_ID, DISCOUNT_VALUE, DATE_FROM, DATE_TO) VALUES ('24','15','01-JAN-2015','31-DEC-2015');
INSERT INTO F16_14_DISCOUNT (PRODUCT_ID, DISCOUNT_VALUE, DATE_FROM, DATE_TO) VALUES ('25','5','01-JAN-2015','31-DEC-2015');

INSERT INTO F16_14_DISCOUNT (PRODUCT_ID, DISCOUNT_VALUE, DATE_FROM, DATE_TO) VALUES ('1','25','01-JAN-2016','31-DEC-2016');
INSERT INTO F16_14_DISCOUNT (PRODUCT_ID, DISCOUNT_VALUE, DATE_FROM, DATE_TO) VALUES ('2','30','01-JAN-2016','31-DEC-2016');
INSERT INTO F16_14_DISCOUNT (PRODUCT_ID, DISCOUNT_VALUE, DATE_FROM, DATE_TO) VALUES ('3','25','01-JAN-2016','31-DEC-2016');
INSERT INTO F16_14_DISCOUNT (PRODUCT_ID, DISCOUNT_VALUE, DATE_FROM, DATE_TO) VALUES ('4','20','01-JAN-2016','31-DEC-2016');
INSERT INTO F16_14_DISCOUNT (PRODUCT_ID, DISCOUNT_VALUE, DATE_FROM, DATE_TO) VALUES ('5','15','01-JAN-2016','31-DEC-2016');
INSERT INTO F16_14_DISCOUNT (PRODUCT_ID, DISCOUNT_VALUE, DATE_FROM, DATE_TO) VALUES ('6','15','01-JAN-2016','31-DEC-2016');
INSERT INTO F16_14_DISCOUNT (PRODUCT_ID, DISCOUNT_VALUE, DATE_FROM, DATE_TO) VALUES ('7','30','01-JAN-2016','31-DEC-2016');
INSERT INTO F16_14_DISCOUNT (PRODUCT_ID, DISCOUNT_VALUE, DATE_FROM, DATE_TO) VALUES ('8','20','01-JAN-2016','31-DEC-2016');
INSERT INTO F16_14_DISCOUNT (PRODUCT_ID, DISCOUNT_VALUE, DATE_FROM, DATE_TO) VALUES ('9','25','01-JAN-2016','31-DEC-2016');
INSERT INTO F16_14_DISCOUNT (PRODUCT_ID, DISCOUNT_VALUE, DATE_FROM, DATE_TO) VALUES ('10','20','01-JAN-2016','31-DEC-2016');
INSERT INTO F16_14_DISCOUNT (PRODUCT_ID, DISCOUNT_VALUE, DATE_FROM, DATE_TO) VALUES ('11','15','01-JAN-2016','31-DEC-2016');
INSERT INTO F16_14_DISCOUNT (PRODUCT_ID, DISCOUNT_VALUE, DATE_FROM, DATE_TO) VALUES ('12','15','01-JAN-2016','31-DEC-2016');
INSERT INTO F16_14_DISCOUNT (PRODUCT_ID, DISCOUNT_VALUE, DATE_FROM, DATE_TO) VALUES ('13','15','01-JAN-2016','31-DEC-2016');
INSERT INTO F16_14_DISCOUNT (PRODUCT_ID, DISCOUNT_VALUE, DATE_FROM, DATE_TO) VALUES ('14','20','01-JAN-2016','31-DEC-2016');
INSERT INTO F16_14_DISCOUNT (PRODUCT_ID, DISCOUNT_VALUE, DATE_FROM, DATE_TO) VALUES ('15','20','01-JAN-2016','31-DEC-2016');
INSERT INTO F16_14_DISCOUNT (PRODUCT_ID, DISCOUNT_VALUE, DATE_FROM, DATE_TO) VALUES ('16','25','01-JAN-2016','31-DEC-2016');
INSERT INTO F16_14_DISCOUNT (PRODUCT_ID, DISCOUNT_VALUE, DATE_FROM, DATE_TO) VALUES ('17','15','01-JAN-2016','31-DEC-2016');
INSERT INTO F16_14_DISCOUNT (PRODUCT_ID, DISCOUNT_VALUE, DATE_FROM, DATE_TO) VALUES ('18','15','01-JAN-2016','31-DEC-2016');
INSERT INTO F16_14_DISCOUNT (PRODUCT_ID, DISCOUNT_VALUE, DATE_FROM, DATE_TO) VALUES ('19','20','01-JAN-2016','31-DEC-2016');
INSERT INTO F16_14_DISCOUNT (PRODUCT_ID, DISCOUNT_VALUE, DATE_FROM, DATE_TO) VALUES ('20','10','01-JAN-2016','31-DEC-2016');
INSERT INTO F16_14_DISCOUNT (PRODUCT_ID, DISCOUNT_VALUE, DATE_FROM, DATE_TO) VALUES ('21','10','01-JAN-2016','31-DEC-2016');
INSERT INTO F16_14_DISCOUNT (PRODUCT_ID, DISCOUNT_VALUE, DATE_FROM, DATE_TO) VALUES ('22','10','01-JAN-2016','31-DEC-2016');
INSERT INTO F16_14_DISCOUNT (PRODUCT_ID, DISCOUNT_VALUE, DATE_FROM, DATE_TO) VALUES ('23','10','01-JAN-2016','31-DEC-2016');
INSERT INTO F16_14_DISCOUNT (PRODUCT_ID, DISCOUNT_VALUE, DATE_FROM, DATE_TO) VALUES ('24','20','01-JAN-2016','31-DEC-2016');
INSERT INTO F16_14_DISCOUNT (PRODUCT_ID, DISCOUNT_VALUE, DATE_FROM, DATE_TO) VALUES ('25','10','01-JAN-2016','31-DEC-2016');

INSERT INTO F16_14_BUYS (BUYS_ID, CUST_ID, STORE_ID, PRODUCT_ID) VALUES ('1','3','2','1');
INSERT INTO F16_14_BUYS (BUYS_ID, CUST_ID, STORE_ID, PRODUCT_ID) VALUES ('1','3','2','6');
INSERT INTO F16_14_BUYS (BUYS_ID, CUST_ID, STORE_ID, PRODUCT_ID) VALUES ('1','3','2','11');
INSERT INTO F16_14_BUYS (BUYS_ID, CUST_ID, STORE_ID, PRODUCT_ID) VALUES ('2','5','1','16');
INSERT INTO F16_14_BUYS (BUYS_ID, CUST_ID, STORE_ID, PRODUCT_ID) VALUES ('2','5','1','21');
INSERT INTO F16_14_BUYS (BUYS_ID, CUST_ID, STORE_ID, PRODUCT_ID) VALUES ('2','5','1','8');
INSERT INTO F16_14_BUYS (BUYS_ID, CUST_ID, STORE_ID, PRODUCT_ID) VALUES ('3','8','3','2');
INSERT INTO F16_14_BUYS (BUYS_ID, CUST_ID, STORE_ID, PRODUCT_ID) VALUES ('3','8','3','12');
INSERT INTO F16_14_BUYS (BUYS_ID, CUST_ID, STORE_ID, PRODUCT_ID) VALUES ('3','8','3','17');
INSERT INTO F16_14_BUYS (BUYS_ID, CUST_ID, STORE_ID, PRODUCT_ID) VALUES ('4','3','1','22');
INSERT INTO F16_14_BUYS (BUYS_ID, CUST_ID, STORE_ID, PRODUCT_ID) VALUES ('4','3','1','9');
INSERT INTO F16_14_BUYS (BUYS_ID, CUST_ID, STORE_ID, PRODUCT_ID) VALUES ('4','3','1','14');
INSERT INTO F16_14_BUYS (BUYS_ID, CUST_ID, STORE_ID, PRODUCT_ID) VALUES ('5','5','2','18');
INSERT INTO F16_14_BUYS (BUYS_ID, CUST_ID, STORE_ID, PRODUCT_ID) VALUES ('5','5','2','3');
INSERT INTO F16_14_BUYS (BUYS_ID, CUST_ID, STORE_ID, PRODUCT_ID) VALUES ('5','5','2','23');
INSERT INTO F16_14_BUYS (BUYS_ID, CUST_ID, STORE_ID, PRODUCT_ID) VALUES ('6','8','1','5');
INSERT INTO F16_14_BUYS (BUYS_ID, CUST_ID, STORE_ID, PRODUCT_ID) VALUES ('6','8','1','10');
INSERT INTO F16_14_BUYS (BUYS_ID, CUST_ID, STORE_ID, PRODUCT_ID) VALUES ('6','8','1','15');
INSERT INTO F16_14_BUYS (BUYS_ID, CUST_ID, STORE_ID, PRODUCT_ID) VALUES ('7','3','3','9');
INSERT INTO F16_14_BUYS (BUYS_ID, CUST_ID, STORE_ID, PRODUCT_ID) VALUES ('7','3','3','17');
INSERT INTO F16_14_BUYS (BUYS_ID, CUST_ID, STORE_ID, PRODUCT_ID) VALUES ('7','3','3','24');
INSERT INTO F16_14_BUYS (BUYS_ID, CUST_ID, STORE_ID, PRODUCT_ID) VALUES ('8','6','2','7');
INSERT INTO F16_14_BUYS (BUYS_ID, CUST_ID, STORE_ID, PRODUCT_ID) VALUES ('8','6','2','15');
INSERT INTO F16_14_BUYS (BUYS_ID, CUST_ID, STORE_ID, PRODUCT_ID) VALUES ('8','6','2','19');
INSERT INTO F16_14_BUYS (BUYS_ID, CUST_ID, STORE_ID, PRODUCT_ID) VALUES ('9','6','3','2');
INSERT INTO F16_14_BUYS (BUYS_ID, CUST_ID, STORE_ID, PRODUCT_ID) VALUES ('9','6','3','23');
INSERT INTO F16_14_BUYS (BUYS_ID, CUST_ID, STORE_ID, PRODUCT_ID) VALUES ('9','6','3','10');
INSERT INTO F16_14_BUYS (BUYS_ID, CUST_ID, STORE_ID, PRODUCT_ID) VALUES ('10','7','2','6');
INSERT INTO F16_14_BUYS (BUYS_ID, CUST_ID, STORE_ID, PRODUCT_ID) VALUES ('10','7','2','17');
INSERT INTO F16_14_BUYS (BUYS_ID, CUST_ID, STORE_ID, PRODUCT_ID) VALUES ('10','7','2','21');
INSERT INTO F16_14_BUYS (BUYS_ID, CUST_ID, STORE_ID, PRODUCT_ID) VALUES ('11','7','1','5');
INSERT INTO F16_14_BUYS (BUYS_ID, CUST_ID, STORE_ID, PRODUCT_ID) VALUES ('11','7','1','12');
INSERT INTO F16_14_BUYS (BUYS_ID, CUST_ID, STORE_ID, PRODUCT_ID) VALUES ('11','7','1','18');
INSERT INTO F16_14_BUYS (BUYS_ID, CUST_ID, STORE_ID, PRODUCT_ID) VALUES ('12','1','3','19');
INSERT INTO F16_14_BUYS (BUYS_ID, CUST_ID, STORE_ID, PRODUCT_ID) VALUES ('12','1','3','25');
INSERT INTO F16_14_BUYS (BUYS_ID, CUST_ID, STORE_ID, PRODUCT_ID) VALUES ('12','1','3','4');
INSERT INTO F16_14_BUYS (BUYS_ID, CUST_ID, STORE_ID, PRODUCT_ID) VALUES ('13','4','1','9');
INSERT INTO F16_14_BUYS (BUYS_ID, CUST_ID, STORE_ID, PRODUCT_ID) VALUES ('13','4','1','16');
INSERT INTO F16_14_BUYS (BUYS_ID, CUST_ID, STORE_ID, PRODUCT_ID) VALUES ('13','4','1','22');
INSERT INTO F16_14_BUYS (BUYS_ID, CUST_ID, STORE_ID, PRODUCT_ID) VALUES ('14','4','2','11');
INSERT INTO F16_14_BUYS (BUYS_ID, CUST_ID, STORE_ID, PRODUCT_ID) VALUES ('14','4','2','16');
INSERT INTO F16_14_BUYS (BUYS_ID, CUST_ID, STORE_ID, PRODUCT_ID) VALUES ('14','4','2','1');
INSERT INTO F16_14_BUYS (BUYS_ID, CUST_ID, STORE_ID, PRODUCT_ID) VALUES ('15','4','3','4');
INSERT INTO F16_14_BUYS (BUYS_ID, CUST_ID, STORE_ID, PRODUCT_ID) VALUES ('15','4','3','10');
INSERT INTO F16_14_BUYS (BUYS_ID, CUST_ID, STORE_ID, PRODUCT_ID) VALUES ('15','4','3','14');
INSERT INTO F16_14_BUYS (BUYS_ID, CUST_ID, STORE_ID, PRODUCT_ID) VALUES ('16','9','2','24');
INSERT INTO F16_14_BUYS (BUYS_ID, CUST_ID, STORE_ID, PRODUCT_ID) VALUES ('16','9','2','19');
INSERT INTO F16_14_BUYS (BUYS_ID, CUST_ID, STORE_ID, PRODUCT_ID) VALUES ('16','9','2','12');
INSERT INTO F16_14_BUYS (BUYS_ID, CUST_ID, STORE_ID, PRODUCT_ID) VALUES ('17','10','3','2');
INSERT INTO F16_14_BUYS (BUYS_ID, CUST_ID, STORE_ID, PRODUCT_ID) VALUES ('17','10','3','7');
INSERT INTO F16_14_BUYS (BUYS_ID, CUST_ID, STORE_ID, PRODUCT_ID) VALUES ('17','10','3','16');
INSERT INTO F16_14_BUYS (BUYS_ID, CUST_ID, STORE_ID, PRODUCT_ID) VALUES ('18','2','1','5');
INSERT INTO F16_14_BUYS (BUYS_ID, CUST_ID, STORE_ID, PRODUCT_ID) VALUES ('18','2','1','11');
INSERT INTO F16_14_BUYS (BUYS_ID, CUST_ID, STORE_ID, PRODUCT_ID) VALUES ('18','2','1','25');

INSERT INTO F16_14_PAYMENT (BUYS_ID, PRODUCT_ID, MODE_OF_PAYMENT, BANK_CARD) VALUES ('1','1','Bank','Wells Fargo');
INSERT INTO F16_14_PAYMENT (BUYS_ID, PRODUCT_ID, MODE_OF_PAYMENT, BANK_CARD) VALUES ('1','6','Bank','Wells Fargo');
INSERT INTO F16_14_PAYMENT (BUYS_ID, PRODUCT_ID, MODE_OF_PAYMENT, BANK_CARD) VALUES ('1','11','Bank','Wells Fargo');
INSERT INTO F16_14_PAYMENT (BUYS_ID, PRODUCT_ID, MODE_OF_PAYMENT, BANK_CARD) VALUES ('2','16','Bank','JP Morgan Chase');
INSERT INTO F16_14_PAYMENT (BUYS_ID, PRODUCT_ID, MODE_OF_PAYMENT, BANK_CARD) VALUES ('2','21','Bank','JP Morgan Chase');
INSERT INTO F16_14_PAYMENT (BUYS_ID, PRODUCT_ID, MODE_OF_PAYMENT, BANK_CARD) VALUES ('2','8','Bank','JP Morgan Chase');
INSERT INTO F16_14_PAYMENT (BUYS_ID, PRODUCT_ID, MODE_OF_PAYMENT, BANK_CARD) VALUES ('3','2','Bank','Bank Of America');
INSERT INTO F16_14_PAYMENT (BUYS_ID, PRODUCT_ID, MODE_OF_PAYMENT, BANK_CARD) VALUES ('3','12','Bank','Bank Of America');
INSERT INTO F16_14_PAYMENT (BUYS_ID, PRODUCT_ID, MODE_OF_PAYMENT, BANK_CARD) VALUES ('3','17','Bank','Bank Of America');
INSERT INTO F16_14_PAYMENT (BUYS_ID, PRODUCT_ID, MODE_OF_PAYMENT, BANK_CARD) VALUES ('4','22','Bank','JP Morgan Chase');
INSERT INTO F16_14_PAYMENT (BUYS_ID, PRODUCT_ID, MODE_OF_PAYMENT, BANK_CARD) VALUES ('4','9','Bank','JP Morgan Chase');
INSERT INTO F16_14_PAYMENT (BUYS_ID, PRODUCT_ID, MODE_OF_PAYMENT, BANK_CARD) VALUES ('4','14','Bank','JP Morgan Chase');
INSERT INTO F16_14_PAYMENT (BUYS_ID, PRODUCT_ID, MODE_OF_PAYMENT, BANK_CARD) VALUES ('5','18','Bank','Wells Fargo');
INSERT INTO F16_14_PAYMENT (BUYS_ID, PRODUCT_ID, MODE_OF_PAYMENT, BANK_CARD) VALUES ('5','3','Bank','Wells Fargo');
INSERT INTO F16_14_PAYMENT (BUYS_ID, PRODUCT_ID, MODE_OF_PAYMENT, BANK_CARD) VALUES ('5','23','Bank','Wells Fargo');
INSERT INTO F16_14_PAYMENT (BUYS_ID, PRODUCT_ID, MODE_OF_PAYMENT, BANK_CARD) VALUES ('6','5','Bank','Bank Of America');
INSERT INTO F16_14_PAYMENT (BUYS_ID, PRODUCT_ID, MODE_OF_PAYMENT, BANK_CARD) VALUES ('6','10','Bank','Bank Of America');
INSERT INTO F16_14_PAYMENT (BUYS_ID, PRODUCT_ID, MODE_OF_PAYMENT, BANK_CARD) VALUES ('6','15','Bank','Bank Of America');
INSERT INTO F16_14_PAYMENT (BUYS_ID, PRODUCT_ID, MODE_OF_PAYMENT, BANK_CARD) VALUES ('7','9','Bank','Wells Fargo');
INSERT INTO F16_14_PAYMENT (BUYS_ID, PRODUCT_ID, MODE_OF_PAYMENT, BANK_CARD) VALUES ('7','17','Bank','Wells Fargo');
INSERT INTO F16_14_PAYMENT (BUYS_ID, PRODUCT_ID, MODE_OF_PAYMENT, BANK_CARD) VALUES ('7','24','Bank','Wells Fargo');
INSERT INTO F16_14_PAYMENT (BUYS_ID, PRODUCT_ID, MODE_OF_PAYMENT, BANK_CARD) VALUES ('8','7','Bank','Bank Of America');
INSERT INTO F16_14_PAYMENT (BUYS_ID, PRODUCT_ID, MODE_OF_PAYMENT, BANK_CARD) VALUES ('8','15','Bank','Bank Of America');
INSERT INTO F16_14_PAYMENT (BUYS_ID, PRODUCT_ID, MODE_OF_PAYMENT, BANK_CARD) VALUES ('8','19','Bank','Bank Of America');
INSERT INTO F16_14_PAYMENT (BUYS_ID, PRODUCT_ID, MODE_OF_PAYMENT, BANK_CARD) VALUES ('9','12','Bank','Wells Fargo');
INSERT INTO F16_14_PAYMENT (BUYS_ID, PRODUCT_ID, MODE_OF_PAYMENT, BANK_CARD) VALUES ('9','23','Bank','Wells Fargo');
INSERT INTO F16_14_PAYMENT (BUYS_ID, PRODUCT_ID, MODE_OF_PAYMENT, BANK_CARD) VALUES ('9','10','Bank','Wells Fargo');
INSERT INTO F16_14_PAYMENT (BUYS_ID, PRODUCT_ID, MODE_OF_PAYMENT, BANK_CARD) VALUES ('10','6','Bank','Bank Of America');
INSERT INTO F16_14_PAYMENT (BUYS_ID, PRODUCT_ID, MODE_OF_PAYMENT, BANK_CARD) VALUES ('10','17','Bank','Bank Of America');
INSERT INTO F16_14_PAYMENT (BUYS_ID, PRODUCT_ID, MODE_OF_PAYMENT, BANK_CARD) VALUES ('10','21','Bank','Bank Of America');
INSERT INTO F16_14_PAYMENT (BUYS_ID, PRODUCT_ID, MODE_OF_PAYMENT, BANK_CARD) VALUES ('11','5','Bank','JP Morgan Chase');
INSERT INTO F16_14_PAYMENT (BUYS_ID, PRODUCT_ID, MODE_OF_PAYMENT, BANK_CARD) VALUES ('11','12','Bank','JP Morgan Chase');
INSERT INTO F16_14_PAYMENT (BUYS_ID, PRODUCT_ID, MODE_OF_PAYMENT, BANK_CARD) VALUES ('11','18','Bank','JP Morgan Chase');
INSERT INTO F16_14_PAYMENT (BUYS_ID, PRODUCT_ID, MODE_OF_PAYMENT, BANK_CARD) VALUES ('12','19','Bank','Bank Of America');
INSERT INTO F16_14_PAYMENT (BUYS_ID, PRODUCT_ID, MODE_OF_PAYMENT, BANK_CARD) VALUES ('12','25','Bank','Bank Of America');
INSERT INTO F16_14_PAYMENT (BUYS_ID, PRODUCT_ID, MODE_OF_PAYMENT, BANK_CARD) VALUES ('12','4','Bank','Bank Of America');
INSERT INTO F16_14_PAYMENT (BUYS_ID, PRODUCT_ID, MODE_OF_PAYMENT, BANK_CARD) VALUES ('13','9','Bank','Wells Fargo');
INSERT INTO F16_14_PAYMENT (BUYS_ID, PRODUCT_ID, MODE_OF_PAYMENT, BANK_CARD) VALUES ('13','16','Bank','Wells Fargo');
INSERT INTO F16_14_PAYMENT (BUYS_ID, PRODUCT_ID, MODE_OF_PAYMENT, BANK_CARD) VALUES ('13','22','Bank','Wells Fargo');
INSERT INTO F16_14_PAYMENT (BUYS_ID, PRODUCT_ID, MODE_OF_PAYMENT, BANK_CARD) VALUES ('14','11','Bank','JP Morgan Chase');
INSERT INTO F16_14_PAYMENT (BUYS_ID, PRODUCT_ID, MODE_OF_PAYMENT, BANK_CARD) VALUES ('14','16','Bank','JP Morgan Chase');
INSERT INTO F16_14_PAYMENT (BUYS_ID, PRODUCT_ID, MODE_OF_PAYMENT, BANK_CARD) VALUES ('14','1','Bank','JP Morgan Chase');
INSERT INTO F16_14_PAYMENT (BUYS_ID, PRODUCT_ID, MODE_OF_PAYMENT, BANK_CARD) VALUES ('15','4','Bank','Wells Fargo');
INSERT INTO F16_14_PAYMENT (BUYS_ID, PRODUCT_ID, MODE_OF_PAYMENT, BANK_CARD) VALUES ('15','10','Bank','Wells Fargo');
INSERT INTO F16_14_PAYMENT (BUYS_ID, PRODUCT_ID, MODE_OF_PAYMENT, BANK_CARD) VALUES ('15','14','Bank','Wells Fargo');
INSERT INTO F16_14_PAYMENT (BUYS_ID, PRODUCT_ID, MODE_OF_PAYMENT, BANK_CARD) VALUES ('16','24','Bank','JP Morgan Chase');
INSERT INTO F16_14_PAYMENT (BUYS_ID, PRODUCT_ID, MODE_OF_PAYMENT, BANK_CARD) VALUES ('16','19','Bank','JP Morgan Chase');
INSERT INTO F16_14_PAYMENT (BUYS_ID, PRODUCT_ID, MODE_OF_PAYMENT, BANK_CARD) VALUES ('16','12','Bank','JP Morgan Chase');
INSERT INTO F16_14_PAYMENT (BUYS_ID, PRODUCT_ID, MODE_OF_PAYMENT, BANK_CARD) VALUES ('17','2','Bank','Wells Fargo');
INSERT INTO F16_14_PAYMENT (BUYS_ID, PRODUCT_ID, MODE_OF_PAYMENT, BANK_CARD) VALUES ('17','7','Bank','Wells Fargo');
INSERT INTO F16_14_PAYMENT (BUYS_ID, PRODUCT_ID, MODE_OF_PAYMENT, BANK_CARD) VALUES ('17','16','Bank','Wells Fargo');
INSERT INTO F16_14_PAYMENT (BUYS_ID, PRODUCT_ID, MODE_OF_PAYMENT, BANK_CARD) VALUES ('18','5','Bank','Bank Of America');
INSERT INTO F16_14_PAYMENT (BUYS_ID, PRODUCT_ID, MODE_OF_PAYMENT, BANK_CARD) VALUES ('18','11','Bank','Bank Of America');
INSERT INTO F16_14_PAYMENT (BUYS_ID, PRODUCT_ID, MODE_OF_PAYMENT, BANK_CARD) VALUES ('18','25','Bank','Bank Of America');

-----------

INSERT INTO F16_14_SUPPLIES (PRODUCT_ID, STORE_ID, SUPPLIER_ID, QUANTITY, DATE_OF_SALE, SELLING_PRICE) VALUES ('1','1','1','30','26-AUG-2001','3');
INSERT INTO F16_14_SUPPLIES (PRODUCT_ID, STORE_ID, SUPPLIER_ID, QUANTITY, DATE_OF_SALE, SELLING_PRICE) VALUES ('2','2','2','30','22-JAN-2003','2');
INSERT INTO F16_14_SUPPLIES (PRODUCT_ID, STORE_ID, SUPPLIER_ID, QUANTITY, DATE_OF_SALE, SELLING_PRICE) VALUES ('3','3','3','30','21-MAY-2004','5');
INSERT INTO F16_14_SUPPLIES (PRODUCT_ID, STORE_ID, SUPPLIER_ID, QUANTITY, DATE_OF_SALE, SELLING_PRICE) VALUES ('4','1','4','30','10-JUL-2010','3');
INSERT INTO F16_14_SUPPLIES (PRODUCT_ID, STORE_ID, SUPPLIER_ID, QUANTITY, DATE_OF_SALE, SELLING_PRICE) VALUES ('5','2','1','30','28-FEB-2015','2');
INSERT INTO F16_14_SUPPLIES (PRODUCT_ID, STORE_ID, SUPPLIER_ID, QUANTITY, DATE_OF_SALE, SELLING_PRICE) VALUES ('6','3','2','30','12-NOV-2007','8');
INSERT INTO F16_14_SUPPLIES (PRODUCT_ID, STORE_ID, SUPPLIER_ID, QUANTITY, DATE_OF_SALE, SELLING_PRICE) VALUES ('7','1','3','30','23-MAR-2009','250');
INSERT INTO F16_14_SUPPLIES (PRODUCT_ID, STORE_ID, SUPPLIER_ID, QUANTITY, DATE_OF_SALE, SELLING_PRICE) VALUES ('8','2','4','30','03-APR-2016','38');
INSERT INTO F16_14_SUPPLIES (PRODUCT_ID, STORE_ID, SUPPLIER_ID, QUANTITY, DATE_OF_SALE, SELLING_PRICE) VALUES ('9','3','1','30','19-SEP-2008','75');
INSERT INTO F16_14_SUPPLIES (PRODUCT_ID, STORE_ID, SUPPLIER_ID, QUANTITY, DATE_OF_SALE, SELLING_PRICE) VALUES ('10','1','2','30','05-DEC-2002','40');
INSERT INTO F16_14_SUPPLIES (PRODUCT_ID, STORE_ID, SUPPLIER_ID, QUANTITY, DATE_OF_SALE, SELLING_PRICE) VALUES ('11','2','3','30','01-AUG-2006','10');
INSERT INTO F16_14_SUPPLIES (PRODUCT_ID, STORE_ID, SUPPLIER_ID, QUANTITY, DATE_OF_SALE, SELLING_PRICE) VALUES ('12','3','4','30','02-OCT-2013','60');
INSERT INTO F16_14_SUPPLIES (PRODUCT_ID, STORE_ID, SUPPLIER_ID, QUANTITY, DATE_OF_SALE, SELLING_PRICE) VALUES ('13','1','1','30','22-JUN-2014','13');
INSERT INTO F16_14_SUPPLIES (PRODUCT_ID, STORE_ID, SUPPLIER_ID, QUANTITY, DATE_OF_SALE, SELLING_PRICE) VALUES ('14','2','2','30','11-NOV-2011','50');
INSERT INTO F16_14_SUPPLIES (PRODUCT_ID, STORE_ID, SUPPLIER_ID, QUANTITY, DATE_OF_SALE, SELLING_PRICE) VALUES ('15','3','3','30','31-JAN-2016','60');
INSERT INTO F16_14_SUPPLIES (PRODUCT_ID, STORE_ID, SUPPLIER_ID, QUANTITY, DATE_OF_SALE, SELLING_PRICE) VALUES ('16','1','4','30','26-AUG-2001','100');
INSERT INTO F16_14_SUPPLIES (PRODUCT_ID, STORE_ID, SUPPLIER_ID, QUANTITY, DATE_OF_SALE, SELLING_PRICE) VALUES ('17','2','1','30','22-JAN-2003','40');
INSERT INTO F16_14_SUPPLIES (PRODUCT_ID, STORE_ID, SUPPLIER_ID, QUANTITY, DATE_OF_SALE, SELLING_PRICE) VALUES ('18','3','2','30','21-MAY-2004','20');
INSERT INTO F16_14_SUPPLIES (PRODUCT_ID, STORE_ID, SUPPLIER_ID, QUANTITY, DATE_OF_SALE, SELLING_PRICE) VALUES ('19','1','3','30','10-JUL-2010','75');
INSERT INTO F16_14_SUPPLIES (PRODUCT_ID, STORE_ID, SUPPLIER_ID, QUANTITY, DATE_OF_SALE, SELLING_PRICE) VALUES ('20','2','4','30','28-FEB-2015','10');
INSERT INTO F16_14_SUPPLIES (PRODUCT_ID, STORE_ID, SUPPLIER_ID, QUANTITY, DATE_OF_SALE, SELLING_PRICE) VALUES ('21','3','1','30','12-NOV-2007','5');
INSERT INTO F16_14_SUPPLIES (PRODUCT_ID, STORE_ID, SUPPLIER_ID, QUANTITY, DATE_OF_SALE, SELLING_PRICE) VALUES ('22','1','2','30','23-MAR-2009','5');
INSERT INTO F16_14_SUPPLIES (PRODUCT_ID, STORE_ID, SUPPLIER_ID, QUANTITY, DATE_OF_SALE, SELLING_PRICE) VALUES ('23','2','3','30','03-APR-2016','30');
INSERT INTO F16_14_SUPPLIES (PRODUCT_ID, STORE_ID, SUPPLIER_ID, QUANTITY, DATE_OF_SALE, SELLING_PRICE) VALUES ('24','3','4','30','19-SEP-2008','75');
INSERT INTO F16_14_SUPPLIES (PRODUCT_ID, STORE_ID, SUPPLIER_ID, QUANTITY, DATE_OF_SALE, SELLING_PRICE) VALUES ('25','1','4','30','05-DEC-2002','3');
INSERT INTO F16_14_SUPPLIES (PRODUCT_ID, STORE_ID, SUPPLIER_ID, QUANTITY, DATE_OF_SALE, SELLING_PRICE) VALUES ('1','2','1','30','26-AUG-2001','3');
INSERT INTO F16_14_SUPPLIES (PRODUCT_ID, STORE_ID, SUPPLIER_ID, QUANTITY, DATE_OF_SALE, SELLING_PRICE) VALUES ('2','3','2','30','22-JAN-2003','2');
INSERT INTO F16_14_SUPPLIES (PRODUCT_ID, STORE_ID, SUPPLIER_ID, QUANTITY, DATE_OF_SALE, SELLING_PRICE) VALUES ('3','1','3','30','21-MAY-2004','5');
INSERT INTO F16_14_SUPPLIES (PRODUCT_ID, STORE_ID, SUPPLIER_ID, QUANTITY, DATE_OF_SALE, SELLING_PRICE) VALUES ('4','2','4','30','10-JUL-2010','3');
INSERT INTO F16_14_SUPPLIES (PRODUCT_ID, STORE_ID, SUPPLIER_ID, QUANTITY, DATE_OF_SALE, SELLING_PRICE) VALUES ('5','3','1','30','28-FEB-2015','2');
INSERT INTO F16_14_SUPPLIES (PRODUCT_ID, STORE_ID, SUPPLIER_ID, QUANTITY, DATE_OF_SALE, SELLING_PRICE) VALUES ('6','1','2','30','12-NOV-2007','8');
INSERT INTO F16_14_SUPPLIES (PRODUCT_ID, STORE_ID, SUPPLIER_ID, QUANTITY, DATE_OF_SALE, SELLING_PRICE) VALUES ('7','2','3','30','23-MAR-2009','250');
INSERT INTO F16_14_SUPPLIES (PRODUCT_ID, STORE_ID, SUPPLIER_ID, QUANTITY, DATE_OF_SALE, SELLING_PRICE) VALUES ('8','3','4','30','03-APR-2016','38');
INSERT INTO F16_14_SUPPLIES (PRODUCT_ID, STORE_ID, SUPPLIER_ID, QUANTITY, DATE_OF_SALE, SELLING_PRICE) VALUES ('9','1','1','30','19-SEP-2008','75');
INSERT INTO F16_14_SUPPLIES (PRODUCT_ID, STORE_ID, SUPPLIER_ID, QUANTITY, DATE_OF_SALE, SELLING_PRICE) VALUES ('10','2','2','30','05-DEC-2002','40');
INSERT INTO F16_14_SUPPLIES (PRODUCT_ID, STORE_ID, SUPPLIER_ID, QUANTITY, DATE_OF_SALE, SELLING_PRICE) VALUES ('11','3','3','30','01-AUG-2006','10');
INSERT INTO F16_14_SUPPLIES (PRODUCT_ID, STORE_ID, SUPPLIER_ID, QUANTITY, DATE_OF_SALE, SELLING_PRICE) VALUES ('12','1','4','30','02-OCT-2013','60');
INSERT INTO F16_14_SUPPLIES (PRODUCT_ID, STORE_ID, SUPPLIER_ID, QUANTITY, DATE_OF_SALE, SELLING_PRICE) VALUES ('13','2','1','30','22-JUN-2014','13');
INSERT INTO F16_14_SUPPLIES (PRODUCT_ID, STORE_ID, SUPPLIER_ID, QUANTITY, DATE_OF_SALE, SELLING_PRICE) VALUES ('14','3','2','30','11-NOV-2011','50');
INSERT INTO F16_14_SUPPLIES (PRODUCT_ID, STORE_ID, SUPPLIER_ID, QUANTITY, DATE_OF_SALE, SELLING_PRICE) VALUES ('15','1','3','30','31-JAN-2016','60');
INSERT INTO F16_14_SUPPLIES (PRODUCT_ID, STORE_ID, SUPPLIER_ID, QUANTITY, DATE_OF_SALE, SELLING_PRICE) VALUES ('16','2','4','30','26-AUG-2001','100');
INSERT INTO F16_14_SUPPLIES (PRODUCT_ID, STORE_ID, SUPPLIER_ID, QUANTITY, DATE_OF_SALE, SELLING_PRICE) VALUES ('17','3','1','30','22-JAN-2003','40');
INSERT INTO F16_14_SUPPLIES (PRODUCT_ID, STORE_ID, SUPPLIER_ID, QUANTITY, DATE_OF_SALE, SELLING_PRICE) VALUES ('18','1','2','30','21-MAY-2004','20');
INSERT INTO F16_14_SUPPLIES (PRODUCT_ID, STORE_ID, SUPPLIER_ID, QUANTITY, DATE_OF_SALE, SELLING_PRICE) VALUES ('19','2','3','30','10-JUL-2010','75');
INSERT INTO F16_14_SUPPLIES (PRODUCT_ID, STORE_ID, SUPPLIER_ID, QUANTITY, DATE_OF_SALE, SELLING_PRICE) VALUES ('20','3','4','30','28-FEB-2015','10');
INSERT INTO F16_14_SUPPLIES (PRODUCT_ID, STORE_ID, SUPPLIER_ID, QUANTITY, DATE_OF_SALE, SELLING_PRICE) VALUES ('21','1','1','30','12-NOV-2007','5');
INSERT INTO F16_14_SUPPLIES (PRODUCT_ID, STORE_ID, SUPPLIER_ID, QUANTITY, DATE_OF_SALE, SELLING_PRICE) VALUES ('22','2','2','30','23-MAR-2009','5');
INSERT INTO F16_14_SUPPLIES (PRODUCT_ID, STORE_ID, SUPPLIER_ID, QUANTITY, DATE_OF_SALE, SELLING_PRICE) VALUES ('23','3','3','30','03-APR-2016','30');
INSERT INTO F16_14_SUPPLIES (PRODUCT_ID, STORE_ID, SUPPLIER_ID, QUANTITY, DATE_OF_SALE, SELLING_PRICE) VALUES ('24','1','4','30','19-SEP-2008','75');
INSERT INTO F16_14_SUPPLIES (PRODUCT_ID, STORE_ID, SUPPLIER_ID, QUANTITY, DATE_OF_SALE, SELLING_PRICE) VALUES ('25','2','4','30','05-DEC-2002','3');
INSERT INTO F16_14_SUPPLIES (PRODUCT_ID, STORE_ID, SUPPLIER_ID, QUANTITY, DATE_OF_SALE, SELLING_PRICE) VALUES ('1','3','1','30','26-AUG-2001','3');
INSERT INTO F16_14_SUPPLIES (PRODUCT_ID, STORE_ID, SUPPLIER_ID, QUANTITY, DATE_OF_SALE, SELLING_PRICE) VALUES ('2','1','2','30','22-JAN-2003','2');
INSERT INTO F16_14_SUPPLIES (PRODUCT_ID, STORE_ID, SUPPLIER_ID, QUANTITY, DATE_OF_SALE, SELLING_PRICE) VALUES ('3','2','3','30','21-MAY-2004','5');
INSERT INTO F16_14_SUPPLIES (PRODUCT_ID, STORE_ID, SUPPLIER_ID, QUANTITY, DATE_OF_SALE, SELLING_PRICE) VALUES ('4','3','4','30','10-JUL-2010','3');
INSERT INTO F16_14_SUPPLIES (PRODUCT_ID, STORE_ID, SUPPLIER_ID, QUANTITY, DATE_OF_SALE, SELLING_PRICE) VALUES ('5','1','1','30','28-FEB-2015','2');
INSERT INTO F16_14_SUPPLIES (PRODUCT_ID, STORE_ID, SUPPLIER_ID, QUANTITY, DATE_OF_SALE, SELLING_PRICE) VALUES ('6','2','2','30','12-NOV-2007','8');
INSERT INTO F16_14_SUPPLIES (PRODUCT_ID, STORE_ID, SUPPLIER_ID, QUANTITY, DATE_OF_SALE, SELLING_PRICE) VALUES ('7','3','3','30','23-MAR-2009','250');
INSERT INTO F16_14_SUPPLIES (PRODUCT_ID, STORE_ID, SUPPLIER_ID, QUANTITY, DATE_OF_SALE, SELLING_PRICE) VALUES ('8','1','4','30','03-APR-2016','38');
INSERT INTO F16_14_SUPPLIES (PRODUCT_ID, STORE_ID, SUPPLIER_ID, QUANTITY, DATE_OF_SALE, SELLING_PRICE) VALUES ('9','2','1','30','19-SEP-2008','75');
INSERT INTO F16_14_SUPPLIES (PRODUCT_ID, STORE_ID, SUPPLIER_ID, QUANTITY, DATE_OF_SALE, SELLING_PRICE) VALUES ('10','3','2','30','05-DEC-2002','40');
INSERT INTO F16_14_SUPPLIES (PRODUCT_ID, STORE_ID, SUPPLIER_ID, QUANTITY, DATE_OF_SALE, SELLING_PRICE) VALUES ('11','1','3','30','01-AUG-2006','10');
INSERT INTO F16_14_SUPPLIES (PRODUCT_ID, STORE_ID, SUPPLIER_ID, QUANTITY, DATE_OF_SALE, SELLING_PRICE) VALUES ('12','2','4','30','02-OCT-2013','60');
INSERT INTO F16_14_SUPPLIES (PRODUCT_ID, STORE_ID, SUPPLIER_ID, QUANTITY, DATE_OF_SALE, SELLING_PRICE) VALUES ('13','3','1','30','22-JUN-2014','13');
INSERT INTO F16_14_SUPPLIES (PRODUCT_ID, STORE_ID, SUPPLIER_ID, QUANTITY, DATE_OF_SALE, SELLING_PRICE) VALUES ('14','1','2','30','11-NOV-2011','50');
INSERT INTO F16_14_SUPPLIES (PRODUCT_ID, STORE_ID, SUPPLIER_ID, QUANTITY, DATE_OF_SALE, SELLING_PRICE) VALUES ('15','2','3','30','31-JAN-2016','60');
INSERT INTO F16_14_SUPPLIES (PRODUCT_ID, STORE_ID, SUPPLIER_ID, QUANTITY, DATE_OF_SALE, SELLING_PRICE) VALUES ('16','3','4','30','26-AUG-2001','100');
INSERT INTO F16_14_SUPPLIES (PRODUCT_ID, STORE_ID, SUPPLIER_ID, QUANTITY, DATE_OF_SALE, SELLING_PRICE) VALUES ('17','1','1','30','22-JAN-2003','40');
INSERT INTO F16_14_SUPPLIES (PRODUCT_ID, STORE_ID, SUPPLIER_ID, QUANTITY, DATE_OF_SALE, SELLING_PRICE) VALUES ('18','2','2','30','21-MAY-2004','20');
INSERT INTO F16_14_SUPPLIES (PRODUCT_ID, STORE_ID, SUPPLIER_ID, QUANTITY, DATE_OF_SALE, SELLING_PRICE) VALUES ('19','3','3','30','10-JUL-2010','75');
INSERT INTO F16_14_SUPPLIES (PRODUCT_ID, STORE_ID, SUPPLIER_ID, QUANTITY, DATE_OF_SALE, SELLING_PRICE) VALUES ('10','1','4','30','28-FEB-2015','10');
INSERT INTO F16_14_SUPPLIES (PRODUCT_ID, STORE_ID, SUPPLIER_ID, QUANTITY, DATE_OF_SALE, SELLING_PRICE) VALUES ('21','2','1','30','12-NOV-2007','5');
INSERT INTO F16_14_SUPPLIES (PRODUCT_ID, STORE_ID, SUPPLIER_ID, QUANTITY, DATE_OF_SALE, SELLING_PRICE) VALUES ('22','3','2','30','23-MAR-2009','5');
INSERT INTO F16_14_SUPPLIES (PRODUCT_ID, STORE_ID, SUPPLIER_ID, QUANTITY, DATE_OF_SALE, SELLING_PRICE) VALUES ('23','1','3','30','03-APR-2016','30');
INSERT INTO F16_14_SUPPLIES (PRODUCT_ID, STORE_ID, SUPPLIER_ID, QUANTITY, DATE_OF_SALE, SELLING_PRICE) VALUES ('24','2','4','30','19-SEP-2008','75');
INSERT INTO F16_14_SUPPLIES (PRODUCT_ID, STORE_ID, SUPPLIER_ID, QUANTITY, DATE_OF_SALE, SELLING_PRICE) VALUES ('25','3','4','30','05-DEC-2002','3');

INSERT INTO F16_14_PURCHASE (BUYS_ID, PRODUCT_ID, QUANTITY, DATE_OF_PURCHASE) VALUES ('1','1','2','21-MAY-2015');
INSERT INTO F16_14_PURCHASE (BUYS_ID, PRODUCT_ID, QUANTITY, DATE_OF_PURCHASE) VALUES ('1','6','3','21-MAY-2015');
INSERT INTO F16_14_PURCHASE (BUYS_ID, PRODUCT_ID, QUANTITY, DATE_OF_PURCHASE) VALUES ('1','11','1','21-MAY-2015');
INSERT INTO F16_14_PURCHASE (BUYS_ID, PRODUCT_ID, QUANTITY, DATE_OF_PURCHASE) VALUES ('2','16','2','03-NOV-2016');
INSERT INTO F16_14_PURCHASE (BUYS_ID, PRODUCT_ID, QUANTITY, DATE_OF_PURCHASE) VALUES ('2','21','1','03-NOV-2016');
INSERT INTO F16_14_PURCHASE (BUYS_ID, PRODUCT_ID, QUANTITY, DATE_OF_PURCHASE) VALUES ('2','8','2','03-NOV-2016');
INSERT INTO F16_14_PURCHASE (BUYS_ID, PRODUCT_ID, QUANTITY, DATE_OF_PURCHASE) VALUES ('3','2','3','19-JUL-2015');
INSERT INTO F16_14_PURCHASE (BUYS_ID, PRODUCT_ID, QUANTITY, DATE_OF_PURCHASE) VALUES ('3','12','4','19-JUL-2015');
INSERT INTO F16_14_PURCHASE (BUYS_ID, PRODUCT_ID, QUANTITY, DATE_OF_PURCHASE) VALUES ('3','17','3','19-JUL-2015');
INSERT INTO F16_14_PURCHASE (BUYS_ID, PRODUCT_ID, QUANTITY, DATE_OF_PURCHASE) VALUES ('4','22','4','11-NOV-2016');
INSERT INTO F16_14_PURCHASE (BUYS_ID, PRODUCT_ID, QUANTITY, DATE_OF_PURCHASE) VALUES ('4','9','3','11-NOV-2016');
INSERT INTO F16_14_PURCHASE (BUYS_ID, PRODUCT_ID, QUANTITY, DATE_OF_PURCHASE) VALUES ('4','14','2','11-NOV-2016');
INSERT INTO F16_14_PURCHASE (BUYS_ID, PRODUCT_ID, QUANTITY, DATE_OF_PURCHASE) VALUES ('5','18','1','14-MAY-2015');
INSERT INTO F16_14_PURCHASE (BUYS_ID, PRODUCT_ID, QUANTITY, DATE_OF_PURCHASE) VALUES ('5','3','2','14-MAY-2015');
INSERT INTO F16_14_PURCHASE (BUYS_ID, PRODUCT_ID, QUANTITY, DATE_OF_PURCHASE) VALUES ('5','23','2','14-MAY-2015');
INSERT INTO F16_14_PURCHASE (BUYS_ID, PRODUCT_ID, QUANTITY, DATE_OF_PURCHASE) VALUES ('6','5','1','27-NOV-2016');
INSERT INTO F16_14_PURCHASE (BUYS_ID, PRODUCT_ID, QUANTITY, DATE_OF_PURCHASE) VALUES ('6','10','1','27-NOV-2016');
INSERT INTO F16_14_PURCHASE (BUYS_ID, PRODUCT_ID, QUANTITY, DATE_OF_PURCHASE) VALUES ('6','15','2','27-NOV-2016');
INSERT INTO F16_14_PURCHASE (BUYS_ID, PRODUCT_ID, QUANTITY, DATE_OF_PURCHASE) VALUES ('7','9','3','19-JUN-2015');
INSERT INTO F16_14_PURCHASE (BUYS_ID, PRODUCT_ID, QUANTITY, DATE_OF_PURCHASE) VALUES ('7','17','2','19-JUN-2015');
INSERT INTO F16_14_PURCHASE (BUYS_ID, PRODUCT_ID, QUANTITY, DATE_OF_PURCHASE) VALUES ('7','24','2','19-JUN-2015');
INSERT INTO F16_14_PURCHASE (BUYS_ID, PRODUCT_ID, QUANTITY, DATE_OF_PURCHASE) VALUES ('8','7','3','03-DEC-2016');
INSERT INTO F16_14_PURCHASE (BUYS_ID, PRODUCT_ID, QUANTITY, DATE_OF_PURCHASE) VALUES ('8','15','3','03-DEC-2016');
INSERT INTO F16_14_PURCHASE (BUYS_ID, PRODUCT_ID, QUANTITY, DATE_OF_PURCHASE) VALUES ('8','19','4','03-DEC-2016');
INSERT INTO F16_14_PURCHASE (BUYS_ID, PRODUCT_ID, QUANTITY, DATE_OF_PURCHASE) VALUES ('9','2','3','12-JUL-2015');
INSERT INTO F16_14_PURCHASE (BUYS_ID, PRODUCT_ID, QUANTITY, DATE_OF_PURCHASE) VALUES ('9','23','2','12-JUL-2015');
INSERT INTO F16_14_PURCHASE (BUYS_ID, PRODUCT_ID, QUANTITY, DATE_OF_PURCHASE) VALUES ('9','10','2','12-JUL-2015');
INSERT INTO F16_14_PURCHASE (BUYS_ID, PRODUCT_ID, QUANTITY, DATE_OF_PURCHASE) VALUES ('10','6','2','02-OCT-2016');
INSERT INTO F16_14_PURCHASE (BUYS_ID, PRODUCT_ID, QUANTITY, DATE_OF_PURCHASE) VALUES ('10','17','3','02-OCT-2016');
INSERT INTO F16_14_PURCHASE (BUYS_ID, PRODUCT_ID, QUANTITY, DATE_OF_PURCHASE) VALUES ('10','21','2','02-OCT-2016');
INSERT INTO F16_14_PURCHASE (BUYS_ID, PRODUCT_ID, QUANTITY, DATE_OF_PURCHASE) VALUES ('11','5','1','15-DEC-2016');
INSERT INTO F16_14_PURCHASE (BUYS_ID, PRODUCT_ID, QUANTITY, DATE_OF_PURCHASE) VALUES ('11','12','2','15-DEC-2016');
INSERT INTO F16_14_PURCHASE (BUYS_ID, PRODUCT_ID, QUANTITY, DATE_OF_PURCHASE) VALUES ('11','18','3','15-DEC-2016');
INSERT INTO F16_14_PURCHASE (BUYS_ID, PRODUCT_ID, QUANTITY, DATE_OF_PURCHASE) VALUES ('12','19','2','03-MAY-2015');
INSERT INTO F16_14_PURCHASE (BUYS_ID, PRODUCT_ID, QUANTITY, DATE_OF_PURCHASE) VALUES ('12','25','3','03-MAY-2015');
INSERT INTO F16_14_PURCHASE (BUYS_ID, PRODUCT_ID, QUANTITY, DATE_OF_PURCHASE) VALUES ('12','4','3','03-MAY-2015');
INSERT INTO F16_14_PURCHASE (BUYS_ID, PRODUCT_ID, QUANTITY, DATE_OF_PURCHASE) VALUES ('13','9','2','18-OCT-2016');
INSERT INTO F16_14_PURCHASE (BUYS_ID, PRODUCT_ID, QUANTITY, DATE_OF_PURCHASE) VALUES ('13','16','2','18-OCT-2016');
INSERT INTO F16_14_PURCHASE (BUYS_ID, PRODUCT_ID, QUANTITY, DATE_OF_PURCHASE) VALUES ('13','22','3','18-OCT-2016');
INSERT INTO F16_14_PURCHASE (BUYS_ID, PRODUCT_ID, QUANTITY, DATE_OF_PURCHASE) VALUES ('14','11','2','08-JUN-2015');
INSERT INTO F16_14_PURCHASE (BUYS_ID, PRODUCT_ID, QUANTITY, DATE_OF_PURCHASE) VALUES ('14','16','1','08-JUN-2015');
INSERT INTO F16_14_PURCHASE (BUYS_ID, PRODUCT_ID, QUANTITY, DATE_OF_PURCHASE) VALUES ('14','1','2','08-JUN-2015');
INSERT INTO F16_14_PURCHASE (BUYS_ID, PRODUCT_ID, QUANTITY, DATE_OF_PURCHASE) VALUES ('15','4','2','30-OCT-2016');
INSERT INTO F16_14_PURCHASE (BUYS_ID, PRODUCT_ID, QUANTITY, DATE_OF_PURCHASE) VALUES ('15','10','3','30-OCT-2016');
INSERT INTO F16_14_PURCHASE (BUYS_ID, PRODUCT_ID, QUANTITY, DATE_OF_PURCHASE) VALUES ('15','14','3','30-OCT-2016');
INSERT INTO F16_14_PURCHASE (BUYS_ID, PRODUCT_ID, QUANTITY, DATE_OF_PURCHASE) VALUES ('16','24','2','09-JUL-2015');
INSERT INTO F16_14_PURCHASE (BUYS_ID, PRODUCT_ID, QUANTITY, DATE_OF_PURCHASE) VALUES ('16','19','3','09-JUL-2015');
INSERT INTO F16_14_PURCHASE (BUYS_ID, PRODUCT_ID, QUANTITY, DATE_OF_PURCHASE) VALUES ('16','12','3','09-JUL-2015');
INSERT INTO F16_14_PURCHASE (BUYS_ID, PRODUCT_ID, QUANTITY, DATE_OF_PURCHASE) VALUES ('17','2','4','27-DEC-2016');
INSERT INTO F16_14_PURCHASE (BUYS_ID, PRODUCT_ID, QUANTITY, DATE_OF_PURCHASE) VALUES ('17','7','4','27-DEC-2016');
INSERT INTO F16_14_PURCHASE (BUYS_ID, PRODUCT_ID, QUANTITY, DATE_OF_PURCHASE) VALUES ('17','16','3','27-DEC-2016');
INSERT INTO F16_14_PURCHASE (BUYS_ID, PRODUCT_ID, QUANTITY, DATE_OF_PURCHASE) VALUES ('18','5','2','27-JUN-2015');
INSERT INTO F16_14_PURCHASE (BUYS_ID, PRODUCT_ID, QUANTITY, DATE_OF_PURCHASE) VALUES ('18','11','3','27-JUN-2015');
INSERT INTO F16_14_PURCHASE (BUYS_ID, PRODUCT_ID, QUANTITY, DATE_OF_PURCHASE) VALUES ('18','25','3','27-JUN-2015');
